{"mean": [-300.34901412461437, 148.2887151335334, -67.58534041718737, -3.2329997471070637, 14.006769254528008, -35.46159055535558, -1.5471226754722984, 2.9083799399708856, -19.184829031390198, -0.0975845430203996, -4.117274401771645, -14.073011729865263, 0.0723379582571117], "std": [103.60529209321386, 56.65372122150667, 50.80652138713944, 24.701507564865725, 21.522852003291053, 21.49487006969198, 18.51799308157102, 15.524626656687389, 13.984743017730198, 13.061755987898188, 12.600807908656888, 11.690623198681362, 12.054475710272886], "input_shape": [87, 13]}