{"mean": [-303.062200388056, 150.59800466941022, -69.72246668321698, -2.6313841269546003, 14.57423808745709, -36.548620855053464, -1.2717413507555257, 3.0856354541613267, -20.207050006494576, -0.40115216561720074, -3.8986384731057293, -14.09679428674799, -0.0508264521008558], "std": [102.63160885154561, 55.991049721649794, 51.70895624960799, 24.40223215379726, 21.603225946166734, 21.354615791256613, 18.95247239685578, 16.0937033385169, 14.100155415643696, 12.728634636352348, 12.50114281821151, 11.4736200368164, 11.724893784736343], "input_shape": [87, 13]}